event_id,is_malicious
EVT-2001,0
EVT-2002,0
EVT-2003,0
EVT-2004,0
EVT-2005,0
EVT-2006,0
EVT-2007,0
EVT-2008,0
EVT-2009,0
EVT-2010,0
EVT-2011,0
EVT-2012,0
EVT-2013,0
EVT-2014,0
EVT-2015,0
EVT-2016,0
EVT-2017,0
EVT-2018,0
EVT-2019,0
EVT-2020,0
EVT-2021,0
EVT-2022,0
EVT-2023,0
EVT-2024,0
EVT-2025,0
EVT-2026,0
EVT-2027,0
EVT-2028,0
EVT-2029,0
EVT-2030,0
EVT-2031,0
EVT-2032,0
EVT-2033,0
EVT-2034,0
EVT-2035,0
EVT-2036,0
EVT-2037,0
EVT-2038,0
EVT-2039,0
EVT-2040,0
EVT-2041,0
EVT-2042,0
EVT-2043,0
EVT-2044,0
EVT-2045,0
EVT-2046,0
EVT-2047,0
EVT-2048,0
EVT-2049,0
EVT-2050,0
EVT-2051,0
EVT-2052,0
EVT-2053,0
EVT-2054,0
EVT-2055,0
EVT-2056,0
EVT-2057,0
EVT-2058,0
EVT-2059,0
EVT-2060,0
EVT-2061,0
EVT-2062,0
EVT-2063,0
EVT-2064,0
EVT-2065,0
EVT-2066,0
EVT-2067,0
EVT-2068,0
EVT-2069,0
EVT-2070,0
EVT-2071,0
EVT-2072,0
EVT-2073,0
EVT-2074,0
EVT-2075,0
EVT-2076,0
EVT-2077,0
EVT-2078,0
EVT-2079,0
EVT-2080,0
EVT-2081,0
EVT-2082,0
EVT-2083,0
EVT-2084,0
EVT-2085,0
EVT-2086,0
EVT-2087,0
EVT-2088,0
EVT-2089,0
EVT-2090,0
EVT-2091,0
EVT-2092,0
EVT-2093,0
EVT-2094,0
EVT-2095,0
EVT-2096,0
EVT-2097,0
EVT-2098,0
EVT-2099,0
EVT-2100,0
EVT-2101,0
EVT-2102,0
EVT-2103,0
EVT-2104,0
EVT-2105,0
EVT-2106,0
EVT-2107,0
EVT-2108,0
EVT-2109,0
EVT-2110,0
EVT-2111,0
EVT-2112,0
EVT-2113,0
EVT-2114,0
EVT-2115,0
EVT-2116,0
EVT-2117,0
EVT-2118,0
EVT-2119,0
EVT-2120,0
EVT-2121,0
EVT-2122,0
EVT-2123,0
EVT-2124,0
EVT-2125,0
EVT-2126,0
EVT-2127,0
EVT-2128,0
EVT-2129,0
EVT-2130,0
EVT-2131,0
EVT-2132,0
EVT-2133,0
EVT-2134,0
EVT-2135,0
EVT-2136,0
EVT-2137,0
EVT-2138,0
EVT-2139,0
EVT-2140,0
EVT-2141,0
EVT-2142,0
EVT-2143,0
EVT-2144,0
EVT-2145,0
EVT-2146,0
EVT-2147,0
EVT-2148,0
EVT-2149,0
EVT-2150,0
EVT-2151,0
EVT-2152,0
EVT-2153,0
EVT-2154,0
EVT-2155,0
EVT-2156,0
EVT-2157,0
EVT-2158,0
EVT-2159,0
EVT-2160,0
EVT-2161,0
EVT-2162,0
EVT-2163,0
EVT-2164,0
EVT-2165,0
EVT-2166,0
EVT-2167,0
EVT-2168,0
EVT-2169,0
EVT-2170,0
EVT-2171,0
EVT-2172,0
EVT-2173,0
EVT-2174,0
EVT-2175,0
EVT-2176,0
EVT-2177,0
EVT-2178,0
EVT-2179,0
EVT-2180,0
EVT-2181,0
EVT-2182,0
EVT-2183,0
EVT-2184,0
EVT-2185,0
EVT-2186,0
EVT-2187,0
EVT-2188,0
EVT-2189,0
EVT-2190,0
EVT-2191,0
EVT-2192,0
EVT-2193,0
EVT-2194,0
EVT-2195,0
EVT-2196,0
EVT-2197,0
EVT-2198,0
EVT-2199,0
EVT-2200,0
EVT-2201,0
EVT-2202,0
EVT-2203,0
EVT-2204,0
EVT-2205,0
EVT-2206,0
EVT-2207,0
EVT-2208,0
EVT-2209,0
EVT-2210,0
EVT-2211,0
EVT-2212,0
EVT-2213,0
EVT-2214,0
EVT-2215,0
EVT-2216,0
EVT-2217,0
EVT-2218,0
EVT-2219,0
EVT-2220,0
EVT-2221,0
EVT-2222,0
EVT-2223,0
EVT-2224,0
EVT-2225,0
EVT-2226,0
EVT-2227,0
EVT-2228,0
EVT-2229,0
EVT-2230,0
EVT-2231,0
EVT-2232,0
EVT-2233,0
EVT-2234,0
EVT-2235,0
EVT-2236,0
EVT-2237,0
EVT-2238,0
EVT-2239,0
EVT-2240,0
EVT-2241,0
EVT-2242,0
EVT-2243,0
EVT-2244,0
EVT-2245,0
EVT-2246,0
EVT-2247,0
EVT-2248,0
EVT-2249,0
EVT-2250,0
EVT-2251,0
EVT-2252,0
EVT-2253,0
EVT-2254,0
EVT-2255,0
EVT-2256,0
EVT-2257,0
EVT-2258,0
EVT-2259,0
EVT-2260,0
EVT-2261,0
EVT-2262,0
EVT-2263,0
EVT-2264,0
EVT-2265,0
EVT-2266,0
EVT-2267,0
EVT-2268,0
EVT-2269,0
EVT-2270,0
EVT-2271,0
EVT-2272,0
EVT-2273,0
EVT-2274,0
EVT-2275,0
EVT-2276,0
EVT-2277,0
EVT-2278,0
EVT-2279,0
EVT-2280,0
EVT-2281,0
EVT-2282,0
EVT-2283,0
EVT-2284,0
EVT-2285,0
EVT-2286,0
EVT-2287,0
EVT-2288,0
EVT-2289,0
EVT-2290,0
EVT-2291,0
EVT-2292,0
EVT-2293,0
EVT-2294,0
EVT-2295,0
EVT-2296,0
EVT-2297,0
EVT-2298,0
EVT-2299,0
EVT-2300,0
EVT-2301,0
EVT-2302,0
EVT-2303,0
EVT-2304,0
EVT-2305,0
EVT-2306,0
EVT-2307,0
EVT-2308,0
EVT-2309,0
EVT-2310,0
EVT-2311,0
EVT-2312,0
EVT-2313,0
EVT-2314,0
EVT-2315,0
EVT-2316,0
EVT-2317,0
EVT-2318,0
EVT-2319,0
EVT-2320,0
EVT-2321,0
EVT-2322,0
EVT-2323,0
EVT-2324,0
EVT-2325,0
EVT-2326,0
EVT-2327,0
EVT-2328,0
EVT-2329,0
EVT-2330,0
EVT-2331,0
EVT-2332,0
EVT-2333,0
EVT-2334,0
EVT-2335,0
EVT-2336,0
EVT-2337,0
EVT-2338,0
EVT-2339,0
EVT-2340,0
EVT-2341,0
EVT-2342,0
EVT-2343,0
EVT-2344,0
EVT-2345,0
EVT-2346,0
EVT-2347,0
EVT-2348,0
EVT-2349,0
EVT-2350,0
EVT-2351,0
EVT-2352,0
EVT-2353,0
EVT-2354,0
EVT-2355,0
EVT-2356,0
EVT-2357,0
EVT-2358,0
EVT-2359,0
EVT-2360,0
EVT-2361,0
EVT-2362,0
EVT-2363,0
EVT-2364,0
EVT-2365,0
EVT-2366,0
EVT-2367,0
EVT-2368,0
EVT-2369,0
EVT-2370,0
EVT-2371,0
EVT-2372,0
EVT-2373,0
EVT-2374,0
EVT-2375,0
EVT-2376,0
EVT-2377,0
EVT-2378,0
EVT-2379,0
EVT-2380,0
EVT-2381,0
EVT-2382,0
EVT-2383,0
EVT-2384,0
EVT-2385,0
EVT-2386,0
EVT-2387,0
EVT-2388,0
EVT-2389,0
EVT-2390,0
EVT-2391,0
EVT-2392,0
EVT-2393,0
EVT-2394,0
EVT-2395,0
EVT-2396,0
EVT-2397,0
EVT-2398,0
EVT-2399,0
EVT-2400,0
EVT-2401,0
EVT-2402,0
EVT-2403,0
EVT-2404,0
EVT-2405,0
EVT-2406,0
EVT-2407,0
EVT-2408,0
EVT-2409,0
EVT-2410,0
EVT-2411,0
EVT-2412,0
EVT-2413,0
EVT-2414,0
EVT-2415,0
EVT-2416,0
EVT-2417,0
EVT-2418,0
EVT-2419,0
EVT-2420,0
EVT-2421,0
EVT-2422,0
EVT-2423,0
EVT-2424,0
EVT-2425,0
EVT-2426,0
EVT-2427,0
EVT-2428,0
EVT-2429,0
EVT-2430,0
EVT-2431,0
EVT-2432,0
EVT-2433,0
EVT-2434,0
EVT-2435,0
EVT-2436,0
EVT-2437,0
EVT-2438,0
EVT-2439,0
EVT-2440,0
EVT-2441,0
EVT-2442,0
EVT-2443,0
EVT-2444,0
EVT-2445,0
EVT-2446,0
EVT-2447,0
EVT-2448,0
EVT-2449,0
EVT-2450,0
EVT-2451,0
EVT-2452,0
EVT-2453,0
EVT-2454,0
EVT-2455,0
EVT-2456,0
EVT-2457,0
EVT-2458,0
EVT-2459,0
EVT-2460,0
EVT-2461,0
EVT-2462,0
EVT-2463,0
EVT-2464,0
EVT-2465,0
EVT-2466,0
EVT-2467,0
EVT-2468,0
EVT-2469,0
EVT-2470,0
EVT-2471,0
EVT-2472,0
EVT-2473,0
EVT-2474,0
EVT-2475,0
EVT-2476,0
EVT-2477,0
EVT-2478,0
EVT-2479,0
EVT-2480,0
EVT-2481,0
EVT-2482,0
EVT-2483,0
EVT-2484,0
EVT-2485,0
EVT-2486,0
EVT-2487,0
EVT-2488,0
EVT-2489,0
EVT-2490,0
EVT-2491,0
EVT-2492,0
EVT-2493,0
EVT-2494,0
EVT-2495,0
EVT-2496,0
EVT-2497,0
EVT-2498,0
EVT-2499,0
EVT-2500,0
